{
  "base": {
    "method": "base",
    "mean_retention": {
      "coding": 0.0,
      "math": 0.0,
      "planning": 0.0
    },
    "std_retention": {
      "coding": 0.0,
      "math": 0.0,
      "planning": 0.0
    },
    "ci_retention": {
      "coding": [
        0.0,
        0.0
      ],
      "math": [
        0.0,
        0.0
      ],
      "planning": [
        0.0,
        0.0
      ]
    },
    "mean_nll": {
      "coding": 3.817598304748535,
      "math": 4.94478518486023,
      "planning": 4.48669095993042
    },
    "worst_domain_retention_mean": 0.0,
    "base_regression_mean": 0.0,
    "repr_drift_mean": 0.0,
    "runtime_mean": 0.0,
    "n_seeds": 1,
    "n_valid": 1,
    "operator_trace": []
  },
  "expert_specialists": {
    "method": "expert_specialists",
    "mean_retention": {
      "coding": 1.0,
      "math": 1.0,
      "planning": 1.0
    },
    "std_retention": {
      "coding": 0.0,
      "math": 0.0,
      "planning": 0.0
    },
    "ci_retention": {
      "coding": [
        1.0,
        1.0
      ],
      "math": [
        1.0,
        1.0
      ],
      "planning": [
        1.0,
        1.0
      ]
    },
    "mean_nll": {
      "coding": 0.9989542976021767,
      "math": 0.9867814636230469,
      "planning": 0.4772851407527924
    },
    "worst_domain_retention_mean": 1.0,
    "base_regression_mean": 0.0,
    "repr_drift_mean": 0.0,
    "runtime_mean": 0.0,
    "n_seeds": 1,
    "n_valid": 1,
    "operator_trace": []
  },
  "task_arithmetic": {
    "method": "task_arithmetic",
    "mean_retention": {
      "coding": 0.7522110012826098,
      "math": 0.8070298840042447,
      "planning": 0.8251939870110769
    },
    "std_retention": {
      "coding": 1.1341653331237724,
      "math": 0.07575675303654104,
      "planning": 0.08021802426975638
    },
    "ci_retention": {
      "coding": [
        0.4689333340650292,
        1.0860906120187959
      ],
      "math": [
        0.7858574071072701,
        0.8278088357704608
      ],
      "planning": [
        0.8026798403532192,
        0.8467852907220479
      ]
    },
    "mean_nll": {
      "coding": 2.2776388001441954,
      "math": 1.7306729018688203,
      "planning": 1.1919928395748138
    },
    "worst_domain_retention_mean": 0.7522110012826098,
    "base_regression_mean": 0.5571349227210008,
    "repr_drift_mean": 0.0,
    "runtime_mean": 1.3095769882202148,
    "n_seeds": 1,
    "n_valid": 1,
    "operator_trace": [
      "TASK_ARITHMETIC"
    ]
  },
  "mean_merge": {
    "method": "mean_merge",
    "mean_retention": {
      "coding": 0.586824167004565,
      "math": 0.7308131150127213,
      "planning": 0.6353848993207019
    },
    "std_retention": {
      "coding": 0.21263614431411318,
      "math": 0.06401523419154763,
      "planning": 0.06156690597937904
    },
    "ci_retention": {
      "coding": [
        0.534068278660349,
        0.6500087850433222
      ],
      "math": [
        0.7133185432117515,
        0.7484526802772511
      ],
      "planning": [
        0.6185359898187092,
        0.6530628141960583
      ]
    },
    "mean_nll": {
      "coding": 2.3064281702041627,
      "math": 2.0488791632652283,
      "planning": 1.9667559123039247
    },
    "worst_domain_retention_mean": 0.586824167004565,
    "base_regression_mean": 0.04553810240684305,
    "repr_drift_mean": 0.0,
    "runtime_mean": 1.6842377185821533,
    "n_seeds": 1,
    "n_valid": 1,
    "operator_trace": [
      "MEAN_MERGE"
    ]
  },
  "TIES_MAGNITUDE": {
    "method": "TIES_MAGNITUDE",
    "mean_retention": {
      "coding": 0.762162928669303,
      "math": 0.8092366713941266,
      "planning": 0.7946846826780133
    },
    "std_retention": {
      "coding": 0.9087833977927908,
      "math": 0.0850768622679806,
      "planning": 0.07201093672895972
    },
    "ci_retention": {
      "coding": [
        0.5356048121567087,
        1.030700737601742
      ],
      "math": [
        0.785054553625393,
        0.8323387954098602
      ],
      "planning": [
        0.77353346217946,
        0.8134239639386087
      ]
    },
    "mean_nll": {
      "coding": 2.1406647717952727,
      "math": 1.7272531175613404,
      "planning": 1.332257831096649
    },
    "worst_domain_retention_mean": 0.762162928669303,
    "base_regression_mean": 0.3247237871291071,
    "repr_drift_mean": 0.0,
    "runtime_mean": 6.350193023681641,
    "n_seeds": 1,
    "n_valid": 1,
    "operator_trace": [
      "TIES_MAGNITUDE"
    ]
  },
  "TIES_MAJORITY": {
    "method": "TIES_MAJORITY",
    "mean_retention": {
      "coding": 0.6712979424897938,
      "math": 0.8166784923753159,
      "planning": 0.8077522092815801
    },
    "std_retention": {
      "coding": 0.9664354431059441,
      "math": 0.07822291297087441,
      "planning": 0.07224741221971302
    },
    "ci_retention": {
      "coding": [
        0.4302564870234138,
        0.9572158496629842
      ],
      "math": [
        0.7946843807540136,
        0.8382184789177151
      ],
      "planning": [
        0.7868656965374686,
        0.826438265673606
      ]
    },
    "mean_nll": {
      "coding": 2.4236623775959014,
      "math": 1.6976738131046296,
      "planning": 1.2769226431846619
    },
    "worst_domain_retention_mean": 0.6712979424897938,
    "base_regression_mean": 0.29026644114721734,
    "repr_drift_mean": 0.0,
    "runtime_mean": 5.200160026550293,
    "n_seeds": 1,
    "n_valid": 1,
    "operator_trace": [
      "TIES_MAJORITY"
    ]
  },
  "FISHER": {
    "method": "FISHER",
    "mean_retention": {
      "coding": 0.5868243306468564,
      "math": 0.7308130216413896,
      "planning": 0.6353849237940282
    },
    "std_retention": {
      "coding": 0.21263604809420944,
      "math": 0.06401509694973635,
      "planning": 0.06156695076041347
    },
    "ci_retention": {
      "coding": [
        0.5340684622445261,
        0.6500089710447245
      ],
      "math": [
        0.7133185556013774,
        0.7484525740943888
      ],
      "planning": [
        0.6185360437106667,
        0.6530627716510456
      ]
    },
    "mean_nll": {
      "coding": 2.306427843570709,
      "math": 2.0488794898986815,
      "planning": 1.966755895614624
    },
    "worst_domain_retention_mean": 0.5868243306468564,
    "base_regression_mean": 0.04553808618384349,
    "repr_drift_mean": 0.0,
    "runtime_mean": 0.9804151058197021,
    "n_seeds": 1,
    "n_valid": 1,
    "operator_trace": [
      "EMPIRICAL_FISHER"
    ]
  },
  "TIES_FISHER": {
    "method": "TIES_FISHER",
    "mean_retention": {
      "coding": 0.7391641143014225,
      "math": 0.8052839964801208,
      "planning": 0.7578205193743205
    },
    "std_retention": {
      "coding": 0.8145125951493678,
      "math": 0.07529841402273657,
      "planning": 0.07405235091060085
    },
    "ci_retention": {
      "coding": [
        0.5371653602667326,
        0.9822006048821754
      ],
      "math": [
        0.7840830858079877,
        0.8259891560096377
      ],
      "planning": [
        0.7364290261484879,
        0.7773598820831772
      ]
    },
    "mean_nll": {
      "coding": 2.180917600393295,
      "math": 1.7450355505943298,
      "planning": 1.4862883305549621
    },
    "worst_domain_retention_mean": 0.7391641143014225,
    "base_regression_mean": 0.24723424707297947,
    "repr_drift_mean": 0.0,
    "runtime_mean": 5.71514892578125,
    "n_seeds": 1,
    "n_valid": 1,
    "operator_trace": [
      "TIES_MAGNITUDE",
      "EMPIRICAL_FISHER"
    ]
  },
  "DARE_TIES_FISHER": {
    "method": "DARE_TIES_FISHER",
    "mean_retention": {
      "coding": 0.7363740463012683,
      "math": 0.7997094325864046,
      "planning": 0.7654333346606027
    },
    "std_retention": {
      "coding": 0.867668767966346,
      "math": 0.07747963388701887,
      "planning": 0.0739215253001094
    },
    "ci_retention": {
      "coding": [
        0.5205993175664372,
        0.9944124566794247
      ],
      "math": [
        0.7779012081261819,
        0.8210460401603155
      ],