{
  "base": {
    "method": "base",
    "mean_retention": {
      "coding": 0.0,
      "math": 0.0,
      "planning": 0.0
    },
    "std_retention": {
      "coding": 0.0,
      "math": 0.0,
      "planning": 0.0
    },
    "ci_retention": {
      "coding": [
        0.0,
        0.0
      ],
      "math": [
        0.0,
        0.0
      ],
      "planning": [
        0.0,
        0.0
      ]
    },
    "mean_nll": {
      "coding": 3.7963975177568896,
      "math": 4.6680824121498965,
      "planning": 4.505714490575698
    },
    "worst_domain_retention_mean": 0.0,
    "base_regression_mean": 0.0,
    "repr_drift_mean": 0.0,
    "runtime_mean": 3.5176050662994385,
    "n_seeds": 5,
    "n_valid": 5
  },
  "expert_specialists": {
    "method": "expert_specialists",
    "mean_retention": {
      "coding": 1.0,
      "math": 1.0,
      "planning": 1.0
    },
    "std_retention": {
      "coding": 0.0,
      "math": 0.0,
      "planning": 0.0
    },
    "ci_retention": {
      "coding": [
        1.0,
        1.0
      ],
      "math": [
        1.0,
        1.0
      ],
      "planning": [
        1.0,
        1.0
      ]
    },
    "mean_nll": {
      "coding": 0.8292444624354053,
      "math": 0.8993759725103734,
      "planning": 0.5894363181104938
    },
    "worst_domain_retention_mean": 1.0,
    "base_regression_mean": 0.0,
    "repr_drift_mean": 0.0,
    "runtime_mean": 0.0,
    "n_seeds": 5,
    "n_valid": 5
  },
  "task_arithmetic": {
    "method": "task_arithmetic",
    "mean_retention": {
      "coding": 0.5904868053370144,
      "math": 0.6967848026859015,
      "planning": 0.8333220969464114
    },
    "std_retention": {
      "coding": 0.0,
      "math": 0.0,
      "planning": 0.0
    },
    "ci_retention": {
      "coding": [
        0.5904868053370144,
        0.5904868053370144
      ],
      "math": [
        0.6967848026859015,
        0.6967848026859015
      ],
      "planning": [
        0.8333220969464114,
        0.8333220969464114
      ]
    },
    "mean_nll": {
      "coding": 2.044332789174145,
      "math": 2.042105039224585,
      "planning": 1.2421933516715338
    },
    "worst_domain_retention_mean": 0.5904868053370144,
    "base_regression_mean": 0.40178407899729046,
    "repr_drift_mean": 8.857250213623047e-05,
    "runtime_mean": 2.2034090042114256,
    "n_seeds": 5,
    "n_valid": 5
  },
  "mean_merge": {
    "method": "mean_merge",
    "mean_retention": {
      "coding": 0.5366588243686418,
      "math": 0.5082534775174131,
      "planning": 0.6410520042273528
    },
    "std_retention": {
      "coding": 0.0,
      "math": 0.0,
      "planning": 0.0
    },
    "ci_retention": {
      "coding": [
        0.5366588243686418,
        0.5366588243686418
      ],
      "math": [
        0.5082534775174131,
        0.5082534775174131
      ],
      "planning": [
        0.6410520042273528,
        0.6410520042273528
      ]
    },
    "mean_nll": {
      "coding": 2.2040486473662386,
      "math": 2.7526242584608402,
      "planning": 1.9951765190050437
    },
    "worst_domain_retention_mean": 0.5082534775174131,
    "base_regression_mean": 0.0053028507513971385,
    "repr_drift_mean": 4.1484832763671875e-05,
    "runtime_mean": 2.3754226207733153,
    "n_seeds": 5,
    "n_valid": 5
  },
  "TIES": {
    "method": "TIES",
    "mean_retention": {
      "coding": 0.5869454143623763,
      "math": 0.662715378727818,
      "planning": 0.7760064520345594
    },
    "std_retention": {
      "coding": 0.0,
      "math": 0.0,
      "planning": 0.0
    },
    "ci_retention": {
      "coding": [
        0.5869454143623763,
        0.5869454143623763
      ],
      "math": [
        0.662715378727818,
        0.662715378727818
      ],
      "planning": [
        0.7760064520345594,
        0.7760064520345594
      ]
    },
    "mean_nll": {
      "coding": 2.05484063822463,
      "math": 2.170502696690223,
      "planning": 1.4666573607805864
    },
    "worst_domain_retention_mean": 0.5869454143623763,
    "base_regression_mean": 0.23431985804784747,
    "repr_drift_mean": 7.396936416625977e-05,
    "runtime_mean": 3.508896541595459,
    "n_seeds": 5,
    "n_valid": 5
  },
  "DARE": {
    "method": "DARE",
    "mean_retention": {
      "coding": 0.5883653807006147,
      "math": 0.6945917046218002,
      "planning": 0.8306285661953867
    },
    "std_retention": {
      "coding": 0.00152374623471236,
      "math": 0.002940816471414827,
      "planning": 0.0013557491733229628
    },
    "ci_retention": {
      "coding": [
        0.5872338209655175,
        0.5898624124322351
      ],
      "math": [
        0.6919084024415938,
        0.6970255058174157
      ],
      "planning": [
        0.8294030015423559,
        0.8317738246480001
      ]
    },
    "mean_nll": {
      "coding": 2.0506273807656727,
      "math": 2.050370182021525,
      "planning": 1.2527419673586355
    },
    "worst_domain_retention_mean": 0.5883653807006147,
    "base_regression_mean": 0.40732051996595453,
    "repr_drift_mean": 8.83936882019043e-05,
    "runtime_mean": 3.282670593261719,
    "n_seeds": 5,
    "n_valid": 5
  },
  "Fisher": {
    "method": "Fisher",
    "mean_retention": {
      "coding": 0.5993916979641299,
      "math": 0.6969886612796461,
      "planning": 0.776679037031837
    },
    "std_retention": {
      "coding": 0.0,
      "math": 0.0,
      "planning": 0.0
    },
    "ci_retention": {
      "coding": [
        0.5993916979641299,
        0.5993916979641299
      ],
      "math": [
        0.6969886612796461,
        0.6969886612796461
      ],
      "planning": [
        0.776679037031837,
        0.776679037031837
      ]
    },
    "mean_nll": {
      "coding": 2.0179106098082893,
      "math": 2.041336756029564,
      "planning": 1.4640233308366202
    },
    "worst_domain_retention_mean": 0.5993916979641299,
    "base_regression_mean": 0.23911073895445076,
    "repr_drift_mean": 7.593631744384766e-05,
    "runtime_mean": 3.344428205490112,
    "n_seeds": 5,
    "n_valid": 5
  },
  "DARE_TIES": {
    "method": "DARE_TIES",
    "mean_retention": {
      "coding": 0.5613734723359503,
      "math": 0.679932672366285,
      "planning": 0.7841952445939826
    },
    "std_retention": {
      "coding": 0.005061528928740396,
      "math": 0.0049233523523247655,
      "planning": 0.003677918699348739
    },
    "ci_retention": {
      "coding": [
        0.5577065879817812,
        0.5661406445668928
      ],
      "math": [
        0.6758253033995948,
        0.6841128917497429
      ],
      "planning": [
        0.7806226107054185,
        0.7875406345752113
      ]
    },
    "mean_nll": {
      "coding": 2.1307165041388436,
      "math": 2.1056157712817685,
      "planning": 1.434587771221272
    },
    "worst_domain_retention_mean": 0.5613734723359503,
    "base_regression_mean": 0.35144766862892785,
    "repr_drift_mean": 8.497238159179687e-05,
    "runtime_mean": 3.535798168182373,
    "n_seeds": 5,
    "n_valid": 5
  },
  "ExFusion": {
    "method": "ExFusion",
    "mean_retention": {
      "coding": 0.6039135442862811,
      "math": 0.6808595865336993,
      "planning": 0.7888181781961847
    },
    "std_retention": {
      "coding": 0.003924794977221902,
      "math": 0.007228473242646125,
      "planning": 0.0019267798692892072
    },
    "ci_retention": {
      "coding": [
        0.6002413294380877,
        0.6070720803666042
      ],
      "math": [
        0.674514595323757,
        0.6868732645206643
      ],
      "planning": [
        0.7872351687707363,
        0.7905026602811961
      ]
    },
    "mean_nll": {
      "coding": 2.004493599677824,
      "math": 2.1021225038900413,
      "planning": 1.4164830772622117
    },
    "worst_domain_retention_mean": 0.6039135442862811,
    "base_regression_mean": 0.26540305571320044,
    "repr_drift_mean": 7.691383361816407e-05,
    "runtime_mean": 2.911475944519043,
    "n_seeds": 5,
    "n_valid": 5
  },
  "AGX": {
    "method": "AGX",